"Time (s)","Linear Acceleration x (m/s^2)","Linear Acceleration y (m/s^2)","Linear Acceleration z (m/s^2)","Absolute acceleration (m/s^2)"
0.000000000E0,-4.028291255E-2,3.718708456E-1,1.588463783E0,1.631909259E0
1.932171200E-2,-2.590617239E-1,1.721904278E-1,-4.725098312E-1,5.657102269E-1
3.863407000E-2,-1.258286983E-1,1.519106925E-1,-4.797140658E-1,5.186861331E-1
5.797228700E-2,-2.348428220E-1,1.784675568E-1,-1.042583436E-1,3.128444055E-1
7.727947200E-2,-2.203954607E-1,8.884610236E-2,5.772038102E-1,6.242051166E-1
9.661238000E-2,-2.404317707E-1,-1.541765332E-1,6.490871906E-1,7.091488002E-1
1.159523700E-1,-2.233708054E-1,1.754846871E-1,2.091060728E-1,3.527247394E-1
1.352628680E-1,-1.393910199E-1,1.263873279E-1,-3.156231344E-1,3.674528215E-1
1.546089300E-1,-6.001299247E-2,-6.802041084E-2,-3.071694374E-1,3.202833103E-1
1.739219740E-1,-2.336501330E-1,1.767381430E-1,-2.133125663E-1,3.623962014E-1
1.932315310E-1,-1.393878460E-1,8.552767336E-2,3.381535411E-1,3.756218469E-1
2.125724890E-1,-9.010449052E-2,-1.390788704E-1,5.391883254E-1,5.640796058E-1
2.319059110E-1,-1.079335064E-1,-1.705426276E-1,5.410097837E-1,5.774305289E-1
2.512324910E-1,-2.381733507E-1,1.178348586E-1,1.819019765E-1,3.220247318E-1
2.705380500E-1,-4.329953715E-2,-1.080861501E-2,-1.573713720E-1,1.635769690E-1
2.898841150E-1,-7.920970768E-2,-8.011371642E-2,-4.835821986E-1,4.965321019E-1
3.091938600E-1,-2.862588316E-2,1.243645698E-1,-1.192620024E-1,1.746694381E-1
3.285102460E-1,-2.447205633E-1,-1.038158536E-1,2.264723480E-1,3.492214340E-1
3.478512590E-1,-2.177713066E-1,-1.800935566E-1,6.907986403E-1,7.463650531E-1
3.671671950E-1,-2.228733301E-1,-1.199583858E-1,3.635578752E-1,4.429863025E-1
3.864797980E-1,-3.458663225E-1,-1.294422150E-1,-2.085490972E-1,4.241126336E-1
4.057961740E-1,-3.115490377E-1,-1.401747763E-1,-2.938358784E-1,4.506121328E-1
4.251340900E-1,-3.089337349E-1,-9.995888174E-2,-7.182255983E-1,7.882130681E-1
4.444505060E-1,-1.712206006E-1,-1.160127297E-1,-2.689802349E-1,3.393019515E-1
4.637669540E-1,-1.548856199E-1,-2.068545111E-2,-4.035634995E-1,4.327596807E-1
4.830834020E-1,-3.371683136E-2,-4.046962038E-2,1.974069029E-1,2.043137299E-1
5.023998180E-1,-1.114699319E-1,-8.365368843E-2,1.305272132E-1,1.909472144E-1
5.217416420E-1,-2.126432359E-1,-1.330223680E-1,1.095430460E-2,2.510619305E-1
5.410580580E-1,-1.447075158E-1,-7.386926562E-2,-2.175381780E-1,2.715138899E-1
5.603861450E-1,-6.886177510E-2,5.518575199E-3,-2.002932578E-1,2.118721026E-1
5.797084740E-1,-1.134751830E-3,5.535182077E-3,-1.882939972E-2,1.965889611E-2
5.990410260E-1,5.030951276E-2,-4.604575410E-2,5.309383273E-1,5.353006314E-1
6.183559190E-1,1.420794576E-1,-4.835066572E-2,8.210515380E-1,8.346556099E-1
6.377067820E-1,9.800119698E-2,-2.842022106E-2,5.651978850E-1,5.743349135E-1
6.570329510E-1,4.190268368E-2,-2.960162982E-2,1.867286116E-1,1.936483043E-1
6.763691770E-1,1.645120047E-2,-1.646031812E-2,-3.675764501E-1,3.683124092E-1
6.956869530E-1,-7.516899612E-3,1.516093314E-2,-5.526457429E-1,5.529047611E-1
7.150091260E-1,2.231689170E-2,2.279726975E-2,-1.654168814E-1,1.684651413E-1
7.343550250E-1,8.249624819E-2,-2.782643586E-2,3.714969754E-1,3.815625037E-1
7.536625740E-1,5.958226696E-2,-2.375162579E-2,3.742952049E-1,3.797513485E-1
7.730041060E-1,7.260250300E-2,-5.138278008E-2,6.383781433E-1,6.445447753E-1
7.923230030E-1,2.654934861E-2,4.452189058E-2,-3.225663006E-1,3.267048897E-1
8.116425140E-1,8.121986687E-2,-1.739564538E-2,5.273594856E-1,5.338607518E-1
8.309605980E-1,1.608423442E-1,-3.961153328E-2,8.582971692E-1,8.741357812E-1
8.502953930E-1,7.322287560E-2,-1.029099524E-2,1.392510831E-1,1.576653362E-1
8.696103340E-1,4.031756520E-2,1.696022227E-2,-2.664896250E-1,2.700553192E-1
8.889559610E-1,2.871691249E-2,3.617329150E-2,-3.172217607E-1,3.205663950E-1
9.082725190E-1,2.349861152E-2,2.089836635E-2,-9.444627166E-2,9.954408415E-2
9.275916300E-1,9.753867984E-2,-3.576864675E-2,3.603722453E-1,3.750484573E-1
9.469140720E-1,9.025485814E-2,-2.364785410E-2,1.888526380E-1,2.106430139E-1
9.662521630E-1,6.768046319E-2,2.675565891E-2,-1.184182093E-1,1.389941821E-1
9.855586580E-1,-3.085329942E-2,5.505792052E-2,-8.601360917E-1,8.624484895E-1
1.004882528E0,-1.286454201E-1,2.775195539E-1,-2.766741276E0,2.783599115E0
1.024224550E0,3.959420204E0,-6.617084742E-1,2.370565414E1,2.404314673E1
1.043548728E0,6.428248405E0,-2.732008934E0,2.423154259E1,2.521812655E1
1.062858502E0,2.689961195E0,1.075674295E0,-2.912026787E1,2.926402172E1
1.082207906E0,-2.741686583E0,-2.246071398E-1,-3.511026001E1,3.521785984E1
1.101519209E0,-5.700821280E-1,-1.094252229E0,-1.560788345E1,1.565657713E1
1.120848145E0,4.400344372E0,-5.424508452E-1,1.471867371E1,1.537194325E1
1.140167490E0,4.602737427E0,4.742958546E-1,2.670908928E1,2.710692898E1
1.159500056E0,4.928834438E0,6.143981125E-3,2.366125870E1,2.416916651E1
1.178822347E0,4.448917866E0,-5.173749924E-1,-1.093766928E0,4.610517666E0
1.198149550E0,-1.611501694E0,-3.267474473E-1,-2.895910645E1,2.900575025E1
1.217457959E0,-1.314347744E0,1.098783016E-1,-2.890576363E1,2.893583858E1
1.236807251E0,3.425302505E0,5.800438523E-1,-4.391634464E0,5.599607253E0
1.256126304E0,4.050838947E0,-1.558043838E0,3.205296707E1,3.234547101E1
1.275436358E0,4.097002506E0,-1.171649933E0,3.024418640E1,3.054290432E1
1.294776552E0,4.082461357E0,1.228752255E0,-1.987650514E0,4.703942751E0
1.314090699E0,-5.236000419E-1,-3.339913487E-1,-1.925050354E1,1.926051904E1
1.333411147E0,-9.069963694E-1,-1.834632643E-2,-2.513347435E1,2.514984119E1
1.352765422E0,-1.608182669E0,-1.722791344E-1,-2.516775894E1,2.521967529E1
1.372077115E0,3.373792648E0,1.832664311E-1,1.335843563E1,1.377910977E1
1.391394811E0,3.098924637E0,-1.400028348E0,3.497253036E1,3.513746282E1
1.410737787E0,3.768216372E0,-3.009614162E-2,1.075629807E1,1.139729391E1
1.430057784E0,1.487485766E0,4.114655256E-1,-1.538770294E1,1.546490607E1
1.449378238E0,-2.567454576E0,-2.233773023E-1,-2.611267090E1,2.623953700E1
1.468680972E0,-3.074510396E-1,-5.910211802E-2,-1.794176102E1,1.794449240E1
1.487999587E0,4.345695496E0,4.168532193E-1,6.575524807E0,7.892804472E0
1.507343781E0,3.660958529E0,-7.937858105E-1,2.978597832E1,3.002061321E1
1.526661436E0,3.812565327E0,-3.677345514E-1,2.036879730E1,2.072580002E1
1.546004754E0,2.552663803E0,6.123705506E-1,-6.835743427E0,7.322463956E0
1.565325937E0,-1.973953962E0,-2.397567332E-1,-2.302072334E1,2.310644241E1
1.584638271E0,-1.243970037E0,1.041086670E-2,-2.246849823E1,2.250291054E1
1.603981935E0,3.173554420E0,4.272749424E-1,-1.518205762E0,3.543862338E0
1.623301200E0,3.652476549E0,-6.837946773E-1,2.499684906E1,2.527153781E1
1.642615881E0,3.466118097E0,-5.715467334E-1,2.512392044E1,2.536832708E1
1.661960867E0,2.912837982E0,5.679582953E-1,-1.932586282E-1,2.973978923E0
1.681262668E0,-5.520415306E-1,-3.372048438E-1,-1.779216766E1,1.780392336E1
1.700615721E0,-1.673693538E0,-3.735605627E-2,-2.283083916E1,2.289213538E1
1.719939011E0,8.240781426E-1,4.892771840E-1,-9.085004807E0,9.135415113E0
1.739273665E0,2.447796106E0,-1.086062416E-1,1.574943447E1,1.593888915E1
1.758592402E0,2.755940914E0,-1.027776480E0,2.802278137E1,2.817672463E1
1.777910072E0,3.109494209E0,2.626674175E-1,6.270534039E0,7.004109189E0
1.797263003E0,6.772131920E-1,2.139648944E-1,-1.326626778E1,1.328526475E1
1.816572925E0,-1.988737226E0,-2.212855965E-1,-2.170829010E1,2.180031885E1
1.835888748E0,-9.487595558E-1,2.192600071E-1,-1.451604462E1,1.454866904E1
1.854380792E0,2.545081377E0,3.672146797E-1,7.093861580E0,7.545538944E0
1.873698296E0,2.801795006E0,-8.641986251E-1,2.699654388E1,2.715529923E1
1.893015800E0,3.036584854E0,-9.335101843E-1,2.697139359E1,2.715784161E1
1.912358648E0,3.631654739E0,-1.486149728E-1,1.404383183E1,1.450655765E1
1.931669101E0,-1.913950205E0,-3.225730062E-1,-1.988217735E1,1.997669229E1
1.950986605E0,-9.908106327E-1,6.699387450E-3,-1.758898926E1,1.761687525E1
1.970329325E0,2.604449511E0,4.861120582E-1,7.463225126E-1,2.752536917E0
1.989646829E0,2.970225573E0,-5.795753002E-1,2.275366020E1,2.295402361E1
2.009288307E0,2.856419086E0,-4.489999413E-1,1.994090462E1,2.014945180E1
2.028619315E0,2.010081053E0,5.219545364E-1,-2.540804148E0,3.281546601E0
2.047936563E0,-1.029576182E0,-2.663340271E-1,-1.675719261E1,1.679090424E1
2.067253683E0,-1.235782623E0,1.787701063E-2,-1.909599304E1,1.913594598E1
2.086596275E0,1.388734579E0,3.866335750E-1,-4.941875935E0,5.147835177E0
2.105913523E0,2.508472919E0,-2.618568838E-1,1.645614624E1,1.664829584E1
2.125230771E0,2.470118284E0,-6.276577711E-1,2.273809624E1,2.288048206E1
2.144548019E0,2.140081644E0,3.625849187E-1,3.352422714E0,3.993764555E0
2.163890611E0,-1.548186839E-1,-8.503682911E-3,-1.273220444E1,1.273314851E1
2.183207731E0,-1.659648538E0,-7.148142904E-2,-1.919008255E1,1.926184859E1
2.202524979E0,1.197030693E-1,3.120847046E-1,-9.873997688E0,9.879653639E0
2.221867571E0,2.148508072E0,6.669785827E-2,9.520406723E0,9.760055313E0
2.241180605E0,2.278385878E0,-7.184517980E-1,2.301405525E1,2.313771714E1
2.260497725E0,2.457313061E0,3.191532567E-2,8.984511375E0,9.314550484E0
2.279840317E0,8.370037675E-1,2.905629575E-1,-8.753402710E0,8.798128275E0
2.299157437E0,-1.698410988E0,-2.310830355E-1,-1.790011215E1,1.798199139E1
2.318474429E0,-1.012006760E0,1.646429598E-1,-1.342856693E1,1.346765291E1
2.337804523E0,1.666498661E0,3.764464855E-1,3.342382908E0,3.753725249E0
2.357121387E0,2.263449430E0,-5.776849985E-1,2.098758888E1,2.111719229E1
2.376438251E0,2.487122774E0,-2.366173714E-1,1.422412491E1,1.444186612E1
2.395780459E0,1.478473306E0,4.377227426E-1,-4.412229538E0,4.673890672E0
2.415097323E0,-1.156955957E0,-1.901298016E-1,-1.544866943E1,1.549309794E1
2.434431302E0,-1.378132701E0,1.242033020E-2,-1.560800457E1,1.566873354E1
2.453748038E0,1.066143155E0,4.119678438E-1,-1.874076247E0,2.195117426E0
2.473064646E0,7.988817692E-1,4.687866867E-1,-1.853983402E0,2.072493063E0
2.492406726E0,2.186448097E0,-3.645601273E-1,1.682602501E1,1.697140468E1
2.511723334E0,1.566735268E0,3.629265726E-1,3.766312003E-1,1.651734288E0
2.531056478E0,-5.703241825E-1,-9.023208171E-2,-1.233713531E1,1.235064044E1
2.550372830E0,-1.398846865E0,-3.780822828E-2,-1.641788292E1,1.647741125E1
2.569714654E0,5.038808584E-1,3.329359591E-1,-6.359698296E0,6.388310002E0
2.589031134E0,1.896730542E0,-1.032287106E-1,1.126523590E1,1.142426290E1
2.608372958E0,1.936848998E0,-5.279847383E-1,1.947015381E1,1.957337583E1
2.627679265E0,1.651746511E0,1.473085284E-1,5.261372566E0,5.516521333E0
2.646995489E0,2.956102602E-2,9.860888124E-2,-8.975429535E0,8.976019881E0
2.666337057E0,-1.421110392E0,-1.069294587E-1,-1.580537319E1,1.586949307E1
2.685653281E0,-3.010049462E-1,2.335179299E-1,-1.002380085E1,1.003103774E1
2.704969633E0,1.584616899E0,1.383588016E-1,5.478409767E0,5.704658399E0
2.724311201E0,1.829271078E0,-5.542222261E-1,1.884083557E1,1.893754155E1
2.743622681E0,1.742532611E0,-3.271121532E-2,9.983252525E0,1.013424003E1
2.762938649E0,5.900252461E-1,3.025575280E-1,-5.419694424E0,5.460106088E0
2.782280217E0,-1.209028602E0,-1.816985160E-1,-1.405006886E1,1.410316274E1
2.801596185E0,-1.099211693E0,6.806532294E-2,-1.257104874E1,1.261919829E1
2.820937625E0,9.701501131E-1,3.331814408E-1,3.068593442E-1,1.070683787E0
2.840248465E0,1.844264627E0,-3.972706497E-1,1.615491486E1,1.626469828E1
2.859564561E0,2.029379845E0,-2.638373971E-1,1.396745491E1,1.411657853E1
2.878905873E0,1.321904778E0,3.400387466E-1,-1.416129589E0,1.966845598E0
2.898221841E0,-6.838692427E-1,-1.189562678E-1,-1.151782990E1,1.153872754E1
2.917537809E0,-1.332161903E0,-1.479771733E-2,-1.385090828E1,1.391483146E1
2.936853460E0,3.016492426E-1,3.482407629E-1,-4.156700611E0,4.182155409E0
2.956194772E0,1.539455891E0,-1.847186387E-1,1.171022129E1,1.181242262E1
2.975510740E0,1.845630050E0,-4.435167313E-1,1.630450630E1,1.641462711E1
2.994826580E0,1.538450360E0,2.355963886E-1,2.931431293E0,3.318979451E0
3.014369327E0,-5.822240934E-2,5.701119453E-2,-8.687059402E0,8.687441579E0
3.033685644E0,-1.331254959E0,-1.200992092E-1,-1.378136826E1,1.384603823E1
3.053001612E0,-1.546466708E0,-1.437290013E-1,-1.378338337E1,1.387061190E1
3.072342924E0,-6.722628474E-1,2.430347502E-1,-7.679141998E0,7.712342385E0
3.091658892E0,1.585517168E0,-4.419747293E-1,1.650532722E1,1.658719485E1
3.110974860E0,1.381995082E0,6.647377461E-2,7.280309200E0,7.410616116E0
3.130316172E0,2.327265143E-1,1.754539609E-1,-5.583502293E0,5.591103967E0
3.149632012E0,-1.149511695E0,-1.589160562E-1,-1.252737904E1,1.258101176E1
3.168947852E0,-6.454775333E-1,1.396670491E-1,-1.033698463E1,1.035805964E1
3.188289164E0,1.038992763E0,2.229283452E-1,1.507467508E0,1.844359319E0
3.207605132E0,1.558813214E0,-3.953573406E-1,1.478443909E1,1.487164568E1
3.226921100E0,1.509408712E0,-1.276971847E-1,1.116930199E1,1.127155393E1
3.246262458E0,7.027405500E-1,2.767100632E-1,-2.134149790E0,2.263848066E0
3.265578426E0,-8.003722429E-1,-1.211316139E-1,-1.051341343E1,1.054453083E1
3.284894266E0,-9.581208825E-1,3.387748823E-2,-1.186136627E1,1.190004845E1
3.304235450E0,5.287596583E-1,2.523468435E-1,-2.747787714E0,2.809555664E0
3.323551418E0,1.453637123E0,-2.110878825E-1,1.127630901E1,1.137157702E1
3.342870525E0,1.507332087E0,-2.709404230E-1,1.369345284E1,1.377882830E1
3.362211965E0,1.006814480E0,2.391801476E-1,1.698942184E0,1.989293112E0
3.381527933E0,-2.360943705E-1,-3.786884993E-2,-7.993552685E0,7.997128180E0
3.400843901E0,-1.184923291E0,-8.170400560E-2,-1.205300426E1,1.211138434E1
3.420185341E0,-2.774367034E-1,2.465440780E-1,-6.246243477E0,6.257260797E0
3.439505781E0,1.030697703E0,2.760327980E-2,6.687294006E0,6.766313681E0
3.458821877E0,1.477757454E0,-3.912786245E-1,1.443849277E1,1.451919211E1
3.478163317E0,1.337048531E0,7.706250250E-2,5.605046749E0,5.762827992E0
3.497479413E0,2.342827171E-1,1.329541802E-1,-5.284339905E0,5.291201511E0
3.516795509E0,-1.054262877E0,-1.080564708E-1,-1.116703796E1,1.121721370E1
3.536111605E0,-7.363299131E-1,1.328386962E-1,-8.810619354E0,8.842332343E0
3.555453045E0,6.936442256E-1,1.839335859E-1,2.157687664E0,2.273893122E0
3.574769141E0,1.343381166E0,-3.634377718E-1,1.330994511E1,1.338250345E1
3.594085109E0,1.433284283E0,-7.826442271E-2,9.125021935E0,9.237231970E0
3.613401077E0,6.797070503E-1,2.178923935E-1,-2.274287939E0,2.383666168E0
3.632717173E0,8.455380201E-1,2.329471707E-1,-2.273901463E0,2.437175987E0
3.652072120E0,-7.904137969E-1,-1.436624080E-1,-9.478805542E0,9.512788622E0
3.671388344E0,4.998671412E-1,2.464595884E-1,-1.820898533E0,1.904279642E0
3.690704696E0,1.271122694E0,-2.364851832E-1,1.059277630E1,1.067139109E1
3.710046392E0,1.301710963E0,-2.528254092E-1,1.165883827E1,1.173400537E1
3.729362744E0,7.886593938E-1,2.017314434E-1,1.002552032E0,1.291429360E0
3.748682925E0,-4.003842175E-1,-4.564318433E-2,-7.341236115E0,7.352287978E0
3.768024749E0,-9.251965880E-1,3.708651988E-3,-1.071792221E1,1.075778132E1
3.787341101E0,-6.361157284E-4,2.161177546E-1,-5.092699528E0,5.097283175E0
3.806682797E0,1.054949760E0,-6.684586406E-2,6.799352169E0,6.881030249E0
3.825999277E0,1.231908679E0,-3.099589646E-1,1.266787815E1,1.273141039E1
3.845321584E0,9.367336035E-1,1.150114536E-1,4.399778843E0,4.499861258E0
3.864638064E0,-6.310024858E-2,6.593619287E-2,-4.943471432E0,4.944313807E0
3.883980016E0,-9.227678180E-1,-6.880487502E-2,-1.005073452E1,1.009324026E1
3.903296496E0,-4.160831571E-1,1.538495421E-1,-7.572582245E0,7.585565024E0
3.922612848E0,7.503803372E-1,8.970005810E-2,2.665786266E0,2.770836186E0
3.941934724E0,1.166458368E0,-3.229483366E-1,1.199825573E1,1.205914845E1
3.961276676E0,1.214212418E0,-3.792457283E-2,7.529494286E0,7.626862675E0
3.980593284E0,4.783298671E-1,1.668308228E-1,-2.315100908E0,2.369878520E0
3.999935108E0,-6.845058799E-1,-1.011704281E-1,-8.607225418E0,8.634993524E0
4.019372181E0,-8.574877977E-1,8.461178839E-2,-9.097739220E0,9.138451914E0
4.038688789E0,2.307194769E-1,1.947992295E-1,-1.091485023E0,1.132483012E0
4.058030613E0,1.066420078E0,-2.306408286E-1,9.859217644E0,9.919406208E0
4.077347221E0,1.247001886E0,-1.623468995E-1,9.932019234E0,1.001131242E1
4.096663701E0,8.149638176E-1,1.990086436E-1,5.741345286E-1,1.016563289E0
4.116005653E0,-3.258987963E-1,-4.071463645E-2,-6.646295547E0,6.654405474E0
4.135322133E0,-9.331108332E-1,-1.552363578E-2,-9.574851990E0,9.620224916E0
4.154638741E0,-1.743336022E-1,2.066719085E-1,-4.202168941E0,4.210858499E0
4.173980693E0,8.164635301E-1,-7.148049027E-2,6.586889744E0,6.637683229E0
4.193297173E0,7.780491114E-1,-7.207899541E-2,6.589536190E0,6.635702148E0
4.212639125E0,1.311350822E0,-2.779139578E-1,1.103180790E1,1.111295022E1
4.231955733E0,-1.031504795E-1,4.304487631E-2,-4.480259418E0,4.481653416E0
4.251272213E0,-8.503337502E-1,-4.402826354E-2,-9.057024002E0,9.096960468E0
4.270614165E0,-3.641287684E-1,1.425305903E-1,-6.591746807E0,6.603334816E0
4.289930773E0,6.570273042E-1,4.147464782E-2,2.856346607E0,2.931231988E0
4.309247253E0,1.016724348E0,-2.463176996E-1,1.064694691E1,1.069821851E1
4.328563861E0,8.946254253E-1,4.546460137E-2,6.364161491E0,6.426894520E0
4.347920727E0,1.843730807E-1,1.028763577E-1,-2.121701717E0,2.132180845E0
4.367237591E0,-6.777642965E-1,-9.449175745E-2,-7.736176968E0,7.766384436E0
4.386554455E0,-6.152882576E-1,9.714429080E-2,-8.090255737E0,8.114200795E0
4.405896535E0,3.589287102E-1,1.498531997E-1,-6.759288311E-1,7.798497196E-1
4.425213399E0,9.794327617E-1,-2.120353729E-1,8.913360596E0,8.969517526E0
4.444533072E0,1.000284791E0,-9.030294418E-2,8.587789536E0,8.646320223E0
4.463875280E0,5.131053925E-1,1.399138421E-1,4.971027672E-1,7.279863928E-1
4.483192144E0,-3.879373074E-1,-4.309386015E-2,-5.938318729E0,5.951132814E0
4.502509008E0,-7.537757754E-1,2.606391534E-2,-8.621396065E0,8.654324200E0
4.521851216E0,-1.728529483E-1,1.838224232E-1,-3.671056747E0,3.679718259E0
4.541243944E0,7.431373000E-1,-7.555083185E-2,6.107866764E0,6.153372846E0
4.560586280E0,1.062346220E0,-1.927151382E-1,9.729732513E0,9.789454193E0
4.579903272E0,8.430722952E-1,1.152292415E-1,3.178785801E0,3.290703244E0
4.599220264E0,-1.919009537E-2,1.183409151E-2,-3.922548771E0,3.922613563E0
4.618562600E0,-7.818266153E-1,-6.054122001E-2,-8.171997070E0,8.209534348E0
4.637879592E0,-4.509900510E-1,1.468304694E-1,-5.949063778E0,5.967940268E0
4.657193758E0,4.499957561E-1,5.064230785E-2,2.711994648E0,2.749541015E0
4.676536094E0,9.084740281E-1,-2.355322242E-1,9.500109673E0,9.546354502E0
4.695853086E0,9.123808146E-1,6.487212609E-3,5.661739349E0,5.734786247E0
4.715169950E0,2.731643915E-1,1.025205180E-1,-1.756313920E0,1.780384180E0
4.734486942E0,-5.934818387E-1,-6.458596885E-2,-6.987050533E0,7.012507911E0
4.753827106E0,-6.902242303E-1,9.069350362E-2,-7.381072521E0,7.413829399E0
4.773144098E0,-8.491981030E-1,9.821034968E-2,-7.377699375E0,7.427060708E0
4.792486434E0,2.840069681E-2,1.505588442E-1,-5.417671204E-1,5.630152554E-1
4.811803426E0,8.966624141E-1,-6.722973287E-2,7.645944595E0,7.698635728E0
4.831120290E0,4.222763479E-1,1.151738316E-1,6.058851480E-1,7.474484183E-1
4.850457763E0,-3.608945012E-1,-4.399298131E-2,-5.298025131E0,5.310484960E0
4.869774627E0,-6.654859781E-1,3.794011474E-2,-7.845139503E0,7.873406180E0
4.889091491E0,-7.392266300E-3,1.329367757E-1,-3.334724903E0,3.337381760E0
4.908433827E0,7.376906276E-1,-9.049503505E-2,5.515531540E0,5.565380938E0
4.927750563E0,8.931609988E-1,-1.525901258E-1,8.641263008E0,8.688638944E0
4.947067555E0,6.113489866E-1,8.981691301E-2,2.993417263E0,3.056527699E0
4.966409763E0,-1.384838372E-1,-2.221531793E-2,-3.403782606E0,3.406671003E0
4.985726627E0,-6.537677050E-1,-2.197795920E-2,-7.409336090E0,7.438155453E0
5.005043619E0,-2.852711082E-1,1.328519136E-1,-5.433661938E0,5.442766878E0
5.024385699E0,4.941760898E-1,4.627445713E-3,2.501007318E0,2.549366397E0
5.043697435E0,8.024505973E-1,-1.891307235E-1,8.463047981E0,8.503109933E0
5.063039643E0,6.731908917E-1,1.533168554E-2,5.149097443E0,5.192939968E0
5.082356507E0,2.388413697E-1,7.480727881E-2,-1.429172993E0,1.450922731E0
5.101673243E0,-5.179769993E-1,-5.312412232E-2,-6.319696426E0,6.341110728E0
5.121015323E0,-6.238929033E-1,7.964248955E-2,-6.727096081E0,6.756434486E0
5.140331024E0,1.125820056E-1,7.809785008E-2,-4.398406446E-1,4.606883706E-1
5.159647888E0,7.282109857E-1,-1.658598185E-1,7.155050278E0,7.193924186E0
5.178990096E0,8.845266700E-1,-5.557390675E-2,6.836258411E0,6.893468282E0
5.198306832E0,4.997639358E-1,9.684113413E-2,6.972962618E-1,8.633448173E-1
5.217648912E0,-2.698366940E-1,-4.762361571E-2,-4.739734650E0,4.747648302E0
5.236965648E0,-6.650568843E-1,4.136555642E-2,-7.109266758E0,7.140426150E0
5.256277010E0,-1.458890587E-1,1.342392117E-1,-2.990536690E0,2.997100845E0
5.275619090E0,5.600440502E-1,-8.406753093E-2,4.973672390E0,5.005809997E0
5.294935826E0,8.297618032E-1,-1.295101792E-1,7.669957161E0,7.715796808E0
5.314252562E0,6.488164663E-1,9.226185083E-2,2.797504187E0,2.873239414E0
5.333594642E0,7.840266824E-1,9.951272607E-2,2.794008493E0,2.903632911E0
5.352911378E0,4.360381141E-2,3.557952354E-3,-2.955452204E0,2.955775986E0
5.372253458E0,-2.904087901E-1,9.434342384E-2,-4.915879250E0,4.925353464E0
5.391613736E0,4.116067290E-1,-2.136817947E-2,2.255315542E0,2.292667637E0
5.410930472E0,7.509797215E-1,-1.259933859E-1,7.466968060E0,7.505694963E0
5.430272552E0,6.372767091E-1,5.536444858E-2,4.685032368E0,4.728500303E0
5.449578219E0,1.059326679E-1,1.382886898E-2,-1.058741689E0,1.064117912E0
5.468920299E0,-4.756391346E-1,-4.689266533E-2,-5.652186871E0,5.672358233E0
5.488236651E0,-4.376137853E-1,9.784277529E-2,-6.155929089E0,6.172239624E0
5.507553387E0,2.054736465E-1,7.706420869E-2,-4.311292171E-1,4.837672101E-1
5.526895211E0,6.467891932E-1,-1.409637630E-1,6.374794483E0,6.409072612E0
5.546198198E0,5.987452269E-1,-4.538785294E-2,6.158058167E0,6.187264039E0
5.565514550E0,2.529746294E-1,5.124096200E-2,7.826470733E-1,8.241105755E-1
5.584852642E0,-2.703432441E-1,-3.337661922E-2,-4.330574512E0,4.339132987E0
5.604168866E0,-4.658763111E-1,4.940138012E-2,-6.537489414E0,6.554254273E0
5.623510690E0,2.650848404E-2,7.096648216E-2,-2.598831177E0,2.599935081E0
5.642825020E0,5.550310016E-1,-9.256305546E-2,4.642093658E0,4.676073231E0
5.662141244E0,7.178490758E-1,-6.291772425E-2,6.865040779E0,6.902756756E0
5.681457468E0,5.727415681E-1,1.211390570E-1,2.538527250E0,2.605154156E0
5.700810330E0,-4.080709815E-2,-6.476294715E-3,-2.750733137E0,2.751043430E0
5.720122711E0,-5.692952871E-1,-4.791173339E-2,-6.224088192E0,6.250253313E0
5.739438807E0,-3.351730704E-1,7.458395511E-2,-4.395903111E0,4.409293357E0
5.758765998E0,3.195055425E-1,-9.366586804E-3,2.300242662E0,2.322345330E0
5.778105899E0,6.918740869E-1,-1.104586720E-1,6.811944485E0,6.847881317E0
5.797421402E0,6.560420990E-1,2.483006753E-2,4.203099251E0,4.254062891E0
5.816739262E0,1.787881702E-1,3.334064409E-2,-1.088174701E0,1.103268321E0
5.836054738E0,-3.869883120E-1,-1.507650129E-2,-5.284351349E0,5.298523986E0
5.855396528E0,-4.810510278E-1,7.115867734E-2,-5.500726223E0,5.522179156E0
5.874721028E0,2.243091166E-2,1.066357922E-2,-1.682483703E-1,1.700716667E-1
5.894037990E0,5.316290855E-1,-1.056383848E-1,5.831081867E0,5.856219318E0
5.913346038E0,7.120587230E-1,2.670913748E-2,5.499915123E0,5.545882018E0
5.932689745E0,8.188305497E-1,2.585764416E-2,5.495497704E0,5.556225976E0
5.952012751E0,4.924275577E-1,6.116752699E-2,7.092913985E-1,8.656330943E-1
5.971332720E0,-4.920016527E-1,3.545917571E-2,-5.992521286E0,6.012789232E0
5.990668284E0,-1.266349759E-2,1.141563952E-1,-2.326166391E0,2.329000242E0
6.009983637E0,4.955036342E-1,-3.964477777E-2,4.260325432E0,4.289227010E0
6.029304280E0,6.128650904E-1,-6.926529855E-2,6.226116180E0,6.256590445E0
6.048633851E0,3.854767084E-1,2.400527522E-2,2.351786852E0,2.383289731E0
6.067957047E0,-9.887576103E-2,-4.911174998E-2,-2.463236094E0,2.465708911E0
6.087273271E0,-4.400776625E-1,2.797310799E-2,-5.638410091E0,5.655627216E0
6.106612513E0,-1.770681441E-1,1.107015312E-1,-4.084517956E0,4.089852673E0
6.125931383E0,3.375619054E-1,-3.450351208E-2,2.023463726E0,2.051717325E0
6.145235910E0,5.692956448E-1,-1.065704525E-1,6.171020031E0,6.198140287E0
6.164586580E0,4.997112453E-1,2.559384331E-2,3.975483179E0,4.006848248E0
6.183898992E0,6.609857082E-2,2.818579040E-2,-7.859939337E-1,7.892717679E-1
6.203211017E0,-3.980171680E-1,-6.275641173E-2,-4.766504765E0,4.783505378E0
6.222557074E0,-3.706023991E-1,4.453783482E-2,-5.229363918E0,5.242668857E0
6.241860062E0,5.921305344E-2,7.617631555E-2,-3.048375845E-1,3.197420361E-1
6.261185367E0,5.301228762E-1,-4.101835936E-2,5.285615921E0,5.312292202E0
6.280534147E0,6.567994356E-1,-2.938733250E-2,5.200314045E0,5.241709195E0
6.299852060E0,3.313310444E-1,-2.467455342E-2,9.023795724E-1,9.616017821E-1
6.319169343E0,-2.072910964E-1,-7.786304504E-2,-3.472565174E0,3.479617959E0
6.338516306E0,-4.856251478E-1,7.132691890E-2,-5.556006432E0,5.577645272E0
6.357841107E0,-1.613333821E-1,1.228390187E-1,-2.459752798E0,2.468096779E0
6.377178676E0,3.725957870E-1,-7.847299427E-2,3.690275192E0,3.709867467E0
6.396492681E0,6.171979904E-1,-1.196915358E-1,5.828762531E0,5.862570432E0
6.415809121E0,5.021567345E-1,3.906603158E-2,2.430093050E0,2.481741278E0
6.435145585E0,2.322913334E-2,1.975028776E-2,-2.041930676E0,2.042158307E0
6.454469560E0,-4.162409902E-1,7.382777520E-3,-5.134142876E0,5.150993510E0
6.473782836E0,-3.336569667E-1,7.514294982E-2,-3.987335205E0,4.001976446E0
6.493107358E0,-4.402983189E-1,8.601476997E-2,-3.984075546E0,4.009254184E0
6.512452180E0,1.181009039E-1,-3.887404129E-2,1.620467186E0,1.625230112E0
6.531681402E0,5.209559202E-1,3.978420421E-2,3.811664581E0,3.847306166E0
6.551004732E0,1.217910126E-1,1.398849860E-2,-5.540897250E-1,5.674893411E-1
6.570346812E0,-3.417303562E-1,-4.895764962E-2,-4.221404076E0,4.235496294E0
6.589663420E0,-3.469977081E-1,7.334347069E-2,-4.793311596E0,4.806414748E0
6.608980156E0,8.205416799E-2,5.042792484E-2,-5.128288865E-1,5.217943359E-1
6.628322236E0,4.616457820E-1,-1.095148548E-1,4.615428925E0,4.639751555E0
6.647638844E0,5.271826982E-1,-5.085198209E-2,4.834899426E0,4.863821540E0
6.666965301E0,2.467454225E-1,2.179582790E-2,1.014927864E0,1.044718589E0
6.686307509E0,-1.685653925E-1,2.782284468E-2,-2.994636059E0,2.999505547E0
6.705624373E0,-3.908913434E-1,6.193583459E-2,-4.861560345E0,4.877642984E0
6.724941237E0,-1.114609465E-1,2.884680033E-2,-2.407783031E0,2.410534133E0
6.744283445E0,3.247159719E-1,-7.899814099E-2,2.787875652E0,2.807834009E0
6.763597559E0,5.277728438E-1,-6.241551042E-2,5.244183540E0,5.271043623E0
6.782914423E0,4.301712811E-1,8.848901093E-2,2.747826815E0,2.782701896E0
6.802256631E0,7.422539592E-2,1.215393748E-2,-1.414619088E0,1.416617200E0
6.821573495E0,-3.726629317E-1,-4.752948135E-2,-4.398353100E0,4.414368211E0
6.840890103E0,-3.642618358E-1,2.920011617E-2,-3.864977121E0,3.882214250E0
6.860232439E0,9.366638213E-2,2.815636061E-2,4.860254228E-1,4.957689819E-1
6.879549175E0,4.812702239E-1,-4.975775629E-2,4.698954105E0,4.723797894E0
6.898866167E0,5.624124408E-1,-3.237397969E-2,4.245623589E0,4.282834982E0
6.918208247E0,2.364391685E-1,-1.921917871E-2,3.167387545E-1,3.957224985E-1
6.937524983E0,-2.172447741E-1,-1.943565905E-2,-3.444825649E0,3.451723742E0
6.956844346E0,-4.123778641E-1,5.693642050E-2,-4.520068169E0,4.539197452E0
6.976186682E0,-1.048903987E-1,5.026070029E-2,-1.478192568E0,1.482761411E0
6.995503674E0,3.400560021E-1,-7.722997665E-2,3.240438938E0,3.259148212E0
7.014820410E0,5.261781216E-1,-7.108344138E-2,4.833610535E0,4.862685171E0
7.034137402E0,4.305366874E-1,4.705012962E-2,2.076116323E0,2.120809879E0
7.053479482E0,5.184372663E-1,4.848383740E-2,2.073522568E0,2.137901710E0
7.072796730E0,2.249850892E-2,3.403118253E-2,-1.932884693E0,1.933315169E0
7.092113466E0,-2.167643756E-1,-1.153730042E-2,-3.062252045E0,3.069936072E0
7.111430202E0,2.408012003E-1,1.062727720E-2,1.287543535E0,1.309910879E0
7.130809876E0,5.005871654E-1,3.703891300E-3,4.561762333E0,4.589147722E0
7.150132353E0,4.216480553E-1,-4.473086074E-2,3.484330177E0,3.510034860E0
7.169468469E0,5.840423331E-2,-4.747355729E-2,-2.809562385E-1,2.908628561E-1
7.188810933E0,-2.637543678E-1,8.468546905E-3,-3.539662600E0,3.549485794E0
7.208127925E0,-2.968966961E-1,9.930098057E-2,-3.934753180E0,3.947187723E0
7.227444917E0,3.103057854E-2,1.841519400E-2,-7.444504499E-1,7.453244184E-1
7.246761653E0,3.514682055E-1,-9.432020783E-2,3.415661335E0,3.434991784E0
7.266109870E0,4.471077919E-1,-5.410321057E-2,4.398285389E0,4.421283399E0
7.285426990E0,2.447227687E-1,4.805148020E-2,1.424141049E0,1.445813234E0
7.304743982E0,-1.240220144E-1,3.459050506E-2,-2.380918980E0,2.384397859E0
7.324060974E0,-3.385690749E-1,-7.324533537E-3,-4.139275551E0,4.153105435E0
7.343403566E0,-1.348997205E-1,4.523595795E-3,-2.326169729E0,2.330082403E0
7.362720814E0,2.048275471E-1,6.941587199E-4,1.808315635E0,1.819879183E0
7.382037806E0,4.506738782E-1,-3.987959027E-2,4.316381454E0,4.340028362E0
7.401366372E0,3.982599676E-1,-6.177113578E-2,2.867759705E0,2.895940676E0
7.420708708E0,8.652335405E-2,-7.583041210E-3,-7.463008761E-1,7.513380005E-1
7.440027416E0,-2.427037060E-1,4.465492070E-2,-3.553378582E0,3.561937464E0
7.459355276E0,-2.942046821E-1,4.293493181E-2,-3.415554047E0,3.428470395E0
7.478674267E0,1.553994324E-2,-1.829613186E-2,-1.009031311E-1,1.037192371E-1
7.498009377E0,3.317023814E-1,-6.860111654E-2,3.539850712E0,3.556019635E0
7.517325049E0,4.627048075E-1,-1.926655695E-2,3.891691923E0,3.919149520E0
7.536639975E0,2.676712275E-1,4.599076696E-3,8.762196898E-1,9.162041161E-1
7.555956967E0,-1.366347969E-1,4.138993099E-3,-2.586051226E0,2.589661588E0
7.575303887E0,-3.441781700E-1,-1.117826626E-2,-3.797931433E0,3.813511077E0
7.594621661E0,-1.757990122E-1,3.229987994E-2,-1.710553169E0,1.719866483E0
7.613940587E0,2.676685750E-1,-1.878448762E-2,2.065003872E0,2.082364117E0
7.633165351E0,1.854521185E-1,-1.582942531E-2,2.068685770E0,2.077042097E0
7.652497557E0,3.259099126E-1,-2.041325904E-2,2.420128822E0,2.442060091E0
7.671815061E0,-7.026966661E-3,3.128196299E-2,-1.085437179E0,1.085910589E0
7.691132309E0,-2.861763835E-1,1.681574620E-2,-3.539473772E0,3.551063823E0
7.710449813E0,-2.202227414E-1,1.776953111E-3,-2.953214407E0,2.961414619E0
7.729792661E0,1.074903533E-1,-8.450244553E-3,3.466753960E-1,3.630556608E-1
7.749109909E0,3.814305663E-1,-3.030665405E-2,3.484294891E0,3.505241598E0
7.768442327E0,4.064902067E-1,-1.873844676E-2,3.457170010E0,3.481035750E0
7.787759831E0,1.418704838E-1,-9.174025618E-3,5.103523731E-1,5.297838632E-1
7.807077591E0,-2.025214881E-1,-1.025879476E-2,-2.639751196E0,2.647528389E0
7.826420695E0,-3.046052754E-1,4.292536527E-2,-3.512137651E0,3.525583334E0
7.845738199E0,-4.475442693E-2,2.971595712E-2,-1.317061067E0,1.318156231E0
7.865064528E0,2.792750895E-1,-1.952047832E-2,2.188242197E0,2.206077863E0
7.884382032E0,3.930661380E-1,-5.865548551E-2,3.784699202E0,3.805507785E0
7.903740396E0,2.551377118E-1,-8.319403045E-3,2.051923037E0,2.067740944E0
7.923058412E0,-5.718416721E-2,1.657211222E-2,-1.276235938E0,1.277623901E0
7.942375916E0,-2.688809037E-1,1.572867855E-2,-3.389458179E0,3.400142803E0
7.961710495E0,-2.384523600E-1,1.562189311E-2,-2.597284794E0,2.608254564E0
7.981028511E0,7.699514180E-2,-2.005428448E-2,6.081995368E-1,6.133816942E-1
8.000371871E0,3.554452956E-1,-3.231644258E-2,3.389556885E0,3.408295994E0
8.019689631E0,4.048408270E-1,-8.731477894E-3,3.114317656E0,3.140532884E0
8.039007391E0,1.541241109E-1,-8.912503719E-3,2.221777588E-1,2.705487586E-1
8.058342692E0,-1.703608483E-1,4.986452404E-3,-2.612911940E0,2.618464529E0
8.077686308E0,-2.746838629E-1,1.605509408E-2,-3.170533180E0,3.182450257E0
8.097004580E0,-8.340647072E-2,4.117533937E-2,-8.922516108E-1,8.970869439E-1
8.116322852E0,2.245325744E-1,-1.976331510E-2,2.108351469E0,2.120365861E0
8.135640868E0,3.950832486E-1,-5.876668170E-2,3.633490324E0,3.655379082E0
8.154959396E0,2.708438933E-1,-2.644876391E-2,1.667881489E0,1.689936275E0
8.174303012E0,-1.036604121E-2,5.650705099E-2,-1.658801794E0,1.659796341E0
8.193621028E0,-4.768546820E-1,1.410342753E-1,-4.696568966E0,4.722821308E0
8.212939556E0,-5.237342119E-1,1.562991142E-1,-4.695437908E0,4.727141217E0
8.232257572E0,-2.545754611E-1,-2.436136901E-1,-4.955324233E-1,6.080367406E-1
8.251601188E0,3.613366485E-1,7.264072448E-2,2.995651007E0,3.018238858E0
8.270935806E0,3.142113984E-1,-8.073513955E-2,3.224745274E0,3.241022839E0
